Year	Dataset Name	Anatomy (Brain, Head, Neck, Eye, Cell, Chest, Heart, Abdomen, Pelvis, Vessel, Skin)	Modality	Segmentation Targets	# images	License	Data	Paper links	Note	bib
2022	WORD	Abdomen	CT	Abdomen organs	170	GNU General Public License v3.0	https://github.com/HiLab-git/WORD	https://www.sciencedirect.com/science/article/pii/S1361841522002705	Authors are very responsive for data request	@article{luo2022word,   title={WORD: A large scale dataset, benchmark and clinical applicable study for abdominal organ segmentation from CT image},   author={Luo, Xiangde and Liao, Wenjun and Xiao, Jianghong and Chen, Jieneng and Song, Tao and Zhang, Xiaofan and Li, Kang and Metaxas, Dimitris N and Wang, Guotai and Zhang, Shaoting},   journal={Medical Image Analysis},   volume={82},   pages={102642},   year={2022} }
2020	Adrenal-ACC-Ki67-Seg	Abdomen	CT	Adrenocortical carcinoma	53	CC BY 4.0	https://doi.org/10.7937/1FPG-VM46	https://doi.org/10.1016/j.crad.2020.01.012	Included in training set	@article{ahmed2020radiomic,   title={Radiomic mapping model for prediction of Ki-67 expression in adrenocortical carcinoma},   author={Ahmed, AA and Elmohr, MM and Fuentes, D and Habra, MA and Fisher, SB and Perrier, ND and Zhang, M and Elsayes, KM},   journal={Clinical Radiology},   volume={75},   number={6},   pages={479--e17},   year={2020} }
2021	KiTS23	Abdomen	CT	Kidney Lesion	489	CC BY-NC-SA	https://kits-challenge.org/kits23/	https://doi.org/10.1016/j.media.2020.101821	Included in training set	@article{heller2021state,   title={The state of the art in kidney and kidney tumor segmentation in contrast-enhanced CT imaging: Results of the KiTS19 challenge},   author={Heller, Nicholas and Isensee, Fabian and Maier-Hein, Klaus H and Hou, Xiaoshuai and Xie, Chunmei and Li, Fengyi and Nan, Yang and Mu, Guangrui and Lin, Zhiyong and Han, Miofei and others},   journal={Medical Image Analysis},   volume={67},   pages={101821},   year={2021} }
2023	Colorectal-Liver_Metastases	Abdomen	CT	Liver, Colorectal Liver Metastases	197	CC BY 4.0	COLORECTAL-LIVER-METASTASES - The Cancer Imaging Archive (TCIA)	https://doi.org/10.1038/s41597-024-02981-2		@article{simpson2024preoperative,   title={Preoperative CT and survival data for patients undergoing resection of colorectal liver metastases},   author={Simpson, Amber L and Peoples, Jacob and Creasy, John M and Fichtinger, Gabor and Gangai, Natalie and Keshavamurthy, Krishna N and Lasso, Andras and Shia, Jinru and D’Angelica, Michael I and Do, Richard KG},   journal={Scientific Data},   volume={11},   number={1},   pages={172},   year={2024} }
2022	AbdomenCT-1K	Abdomen	CT	Liver, Kidneys, Pancreas, Spleen	1056	CC-BY-NC	https://github.com/JunMa11/AbdomenCT-1K 	https://ieeexplore.ieee.org/document/9497733	Included in training set	@article{Ma-2021-AbdomenCT-1K,   author={Ma, Jun and Zhang, Yao and Gu, Song and Zhu, Cheng and Ge, Cheng and Zhang, Yichi and An, Xingle and Wang, Congcong and Wang, Qiyuan and Liu, Xin and Cao, Shucheng and Zhang, Qi and Liu, Shangqing and Wang, Yunpeng and Li, Yuhui and He, Jian and Yang, Xiaoping},   journal={IEEE Transactions on Pattern Analysis and Machine Intelligence},    title={AbdomenCT-1K: Is Abdominal Organ Segmentation a Solved Problem?},    year={2022},   volume={44},   number={10},   pages={6695-6714} }  @article{FLARE21-MIA, title = {Fast and Low-GPU-memory abdomen CT organ segmentation: The FLARE challenge}, author = {Jun Ma and Yao Zhang and Song Gu and Xingle An and Zhihe Wang and Cheng Ge and Congcong Wang and Fan Zhang and Yu Wang and Yinan Xu and Shuiping Gou and Franz Thaler and Christian Payer and Darko Štern and Edward G.A. Henderson and Dónal M. McSweeney and Andrew Green and Price Jackson and Lachlan McIntosh and Quoc-Cuong Nguyen and Abdul Qayyum and Pierre-Henri Conze and Ziyan Huang and Ziqi Zhou and Deng-Ping Fan and Huan Xiong and Guoqiang Dong and Qiongjie Zhu and Jian He and Xiaoping Yang}, journal = {Medical Image Analysis}, pages = {102616}, volume = {82}, year =  {2022} }
2022	AMOS	Abdomen	CT	15 abdominal organs	500	CC BY NC	https://amos22.grand-challenge.org/	https://openreview.net/forum?id=Vk4-HUnkEak	Included in training set	@article{ji2022amos,   title={AMOS: A Large-Scale Abdominal Multi-Organ Benchmark for Versatile Medical Image Segmentation},   author={Ji, Yuanfeng and Bai, Haotian and Yang, Jie and Ge, Chongjian and Zhu, Ye and Zhang, Ruimao and Li, Zhen and Zhang, Lingyan and Ma, Wanling and Wan, Xiang and others},   journal={arXiv preprint arXiv:2206.08023},   year={2022} }
2022	AMOS	Abdomen	MR	15 abdominal organs	60	CC BY NC	https://amos22.grand-challenge.org/	https://openreview.net/forum?id=Vk4-HUnkEak	Included in training set	@article{ji2022amos,   title={AMOS: A Large-Scale Abdominal Multi-Organ Benchmark for Versatile Medical Image Segmentation},   author={Ji, Yuanfeng and Bai, Haotian and Yang, Jie and Ge, Chongjian and Zhu, Ye and Zhang, Ruimao and Li, Zhen and Zhang, Lingyan and Ma, Wanling and Wan, Xiang and others},   journal={arXiv preprint arXiv:2206.08023},   year={2022} }
2019	CHAOS	Abdomen	CT	Abdomen organs	40	CC BY-NC	https://zenodo.org/records/3431873	https://www.sciencedirect.com/science/article/pii/S1361841520303145		@article{kavur2021chaos,   title={CHAOS challenge-combined (CT-MR) healthy abdominal organ segmentation},   author={Kavur, A Emre and Gezer, N Sinem and Bar{\i}{\c{s}}, Mustafa and Aslan, Sinem and Conze, Pierre-Henri and Groza, Vladimir and Pham, Duc Duy and Chatterjee, Soumick and Ernst, Philipp and {\"O}zkan, Sava{\c{s}} and others},   journal={Medical Image Analysis},   volume={69},   pages={101950},   year={2021} }
2019	CHAOS	Abdomen	MR	Abdomen organs	40	CC BY-NC	https://zenodo.org/records/3431873	https://www.sciencedirect.com/science/article/pii/S1361841520303145		@article{kavur2021chaos,   title={CHAOS challenge-combined (CT-MR) healthy abdominal organ segmentation},   author={Kavur, A Emre and Gezer, N Sinem and Bar{\i}{\c{s}}, Mustafa and Aslan, Sinem and Conze, Pierre-Henri and Groza, Vladimir and Pham, Duc Duy and Chatterjee, Soumick and Ernst, Philipp and {\"O}zkan, Sava{\c{s}} and others},   journal={Medical Image Analysis},   volume={69},   pages={101950},   year={2021} }
2020	Duke-Liver	Abdomen	MR	Abdomen organs	3717	Unknown	https://zenodo.org/records/7774566	https://pubs.rsna.org/doi/10.1148/ryai.220275	Authors are very responsive for data request	@article{macdonald2023duke,   title={Duke Liver Dataset: A publicly available liver MRI dataset with liver segmentation masks and series labels},   author={Macdonald, Jacob A and Zhu, Zhe and Konkel, Brandon and Mazurowski, Maciej A and Wiggins, Walter F and Bashir, Mustafa R},   journal={Radiology: Artificial Intelligence},   volume={5},   number={5},   pages={e220275},   year={2023} }
2014	CT Lymph Nodes	Chest, Abdomen	CT	lymph nodes, 	176	CC BY 3.0	https://wiki.cancerimagingarchive.net/pages/viewpage.action?pageId=19726546	https://doi.org/10.1007/978-3-319-10404-1_65	Included in training set	@inproceedings{roth2014new,   title={A new 2.5 D representation for lymph node detection using random sets of deep convolutional neural network observations},   author={Roth, Holger R and Lu, Le and Seff, Ari and Cherry, Kevin M and Hoffman, Joanne and Wang, Shijun and Liu, Jiamin and Turkbey, Evrim and Summers, Ronald M},   booktitle={Medical Image Computing and Computer-Assisted Intervention--MICCAI 2014: 17th International Conference, Boston, MA, USA, September 14-18, 2014, Proceedings, Part I 17},   pages={520--527},   year={2014} }
2020	m2caiSeg	Abdomen	Endoscopy	53 classes, panomic	307	CC BY-NC 4.0	https://www.kaggle.com/datasets/salmanmaq/m2caiseg	https://arxiv.org/abs/2008.10134	Included in training set	@article{maqbool2020m2caiseg,   title={m2caiSeg: Semantic Segmentation of Laparoscopic Images using Convolutional Neural Networks},   author={Maqbool, Salman and Riaz, Aqsa and Sajid, Hasan and Hasan, Osman},   journal={arXiv preprint arXiv:2008.10134},   year={2020} }
2022	DFU	Abdomen	Endoscopy	liver anatomical curves (landmarks)	2,000	Unknown	DFU Challenge (dfu-challenge.github.io)	https://arxiv.org/abs/2204.11618		@article{kendrick2022translating,   title={Translating clinical delineation of diabetic foot ulcers into machine interpretable segmentation},   author={Kendrick, Connah and Cassidy, Bill and Pappachan, Joseph M and O'Shea, Claire and Fernandez, Cornelious J and Chacko, Elias and Jacob, Koshy and Reeves, Neil D and Yap, Moi Hoon},   journal={arXiv preprint arXiv:2204.11618},   year={2022} }
2022	P2ILF	Abdomen	Endoscopy	liver anatomical curves (landmarks)	300	CC BY NC SA	P2ilf - Grand Challenge (grand-challenge.org)	https://doi.org/10.1016/j.media.2024.103371		@article{ali2025objective,   title={An objective comparison of methods for augmented reality in laparoscopic liver resection by preoperative-to-intraoperative image fusion from the MICCAI2022 challenge},   author={Ali, Sharib and Espinel, Yamid and Jin, Yueming and Liu, Peng and G{\"u}ttner, Bianca and Zhang, Xukun and Zhang, Lihua and Dowrick, Tom and Clarkson, Matthew J and Xiao, Shiting and others},   journal={Medical Image Analysis},   volume={99},   pages={103371},   year={2025} }
2021	BKAI-IGH NeoPolyp	Abdomen	Endoscopy	neoplastic polyps non-neoplastic polyps	1000	Unknown	https://www.kaggle.com/competitions/bkai-igh-neopolyp/data	https://doi.org/10.48550/arXiv.2107.05023 https://ieeexplore.ieee.org/document/9759450		@inproceedings{ngoc2021neounet,   title={Neounet: Towards accurate colon polyp segmentation and neoplasm detection},   author={Ngoc Lan, Phan and An, Nguyen Sy and Hang, Dao Viet and Long, Dao Van and Trung, Tran Quang and Thuy, Nguyen Thi and Sang, Dinh Viet},   booktitle={Advances in visual computing: 16th international symposium, ISVC 2021, virtual event, October 4-6, 2021, proceedings, part II},   pages={15--28},   year={2021} } @article{an2022blazeneo,   title={Blazeneo: Blazing fast polyp segmentation and neoplasm detection},   author={An, Nguyen S and Lan, Phan N and Hang, Dao V and Long, Dao V and Trung, Tran Q and Thuy, Nguyen T and Sang, Dinh V},   journal={IEEE Access},   volume={10},   pages={43669--43684},   year={2022} }
2017	Kvasir-SEG	Abdomen	Endoscopy	Polyp	1000	CC0	https://www.kaggle.com/datasets/abdallahwagih/kvasir-dataset-for-classification-and-segmentation	https://doi.org/10.1007/978-3-030-37734-2_37 https://doi.org/10.1145/3193289	Included in training set	@inproceedings{jha2020kvasir,   title={Kvasir-seg: A segmented polyp dataset},   author={Jha, Debesh and Smedsrud, Pia H and Riegler, Michael A and Halvorsen, P{\aa}l and de Lange, Thomas and Johansen, Dag and Johansen, H{\aa}vard D},   booktitle={MultiMedia Modeling: 26th International Conference, MMM 2020, Daejeon, South Korea, January 5--8, 2020, Proceedings, Part II 26},   pages={451--462},   year={2020} } @inproceedings{pogorelov2017kvasir,   title={Kvasir: A multi-class image dataset for computer aided gastrointestinal disease detection},   author={Pogorelov, Konstantin and Randel, Kristin Ranheim and Griwodz, Carsten and Eskeland, Sigrun Losada and de Lange, Thomas and Johansen, Dag and Spampinato, Concetto and Dang-Nguyen, Duc-Tien and Lux, Mathias and Schmidt, Peter Thelin and others},   booktitle={Proceedings of the 8th ACM on Multimedia Systems Conference},   pages={164--169},   year={2017} }
	CholecSeg8k	Abdomen	Endoscopy	Tissues and instruments	8000	CC BY-NC-SA 4.0	https://www.kaggle.com/datasets/newslab/cholecseg8k	https://doi.org/10.48550/arXiv.2012.12453 https://doi.org/10.48550/arXiv.1602.03012	Included in training set	@article{hong2020cholecseg8k,   title={Cholecseg8k: a semantic segmentation dataset for laparoscopic cholecystectomy based on cholec80},   author={Hong, W-Y and Kao, C-L and Kuo, Y-H and Wang, J-R and Chang, W-L and Shih, C-S},   journal={arXiv preprint arXiv:2012.12453},   year={2020} } @article{twinanda2016endonet,   title={Endonet: a deep architecture for recognition tasks on laparoscopic videos},   author={Twinanda, Andru P and Shehata, Sherif and Mutter, Didier and Marescaux, Jacques and De Mathelin, Michel and Padoy, Nicolas},   journal={IEEE Transactions on Medical Imaging},   volume={36},   number={1},   pages={86--97},   year={2016} }
2020	US simulation & segmentation	Abdomen	US	Abdomen	992	Unknown	US simulation & segmentation (kaggle.com)	https://pubmed.ncbi.nlm.nih.gov/31392671/		@article{vitale2020improving,   title={Improving realism in patient-specific abdominal ultrasound simulation using CycleGANs},   author={Vitale, Santiago and Orlando, Jos{\'e} Ignacio and Iarussi, Emmanuel and Larrabide, Ignacio},   journal={International journal of computer assisted radiology and surgery},   volume={15},   number={2},   pages={183--192},   year={2020} }
2022	Seg.A.	Vessel	CT	Aorta	56	56	Aortic Vessel Tree (AVT) CTA Datasets and Segmentations (figshare.com)	https://link.springer.com/chapter/10.1007/978-3-031-53241-2_2		@incollection{myronenko2023aorta,   title={Aorta segmentation from 3D CT in MICCAI SEG. A. 2023 challenge},   author={Myronenko, Andriy and Yang, Dong and He, Yufan and Xu, Daguang},   booktitle={MICCAI Challenge on Segmentation of the Aorta},   pages={13--18},   year={2023} }
2022	ASOCA	Vessel	CT	Coronary Arteries	60	Unknown	https://reshare.ukdataservice.ac.uk/855916/	https://www.sciencedirect.com/science/article/pii/S0895611122000222?via%3Dihub		@article{gharleghi2022automated,   title={Automated segmentation of normal and diseased coronary arteries--the asoca challenge},   author={Gharleghi, Ramtin and Adikari, Dona and Ellenberger, Katy and Ooi, Sze-Yuan and Ellis, Chris and Chen, Chung-Ming and Gao, Ruochen and He, Yuting and Hussain, Raabid and Lee, Chia-Yen and others},   journal={Computerized Medical Imaging and Graphics},   volume={97},   pages={102049},   year={2022},   publisher={Elsevier} }
2020	GammaKnife-Hippocampal	Brain	CT	brain lesion	390	TCIA Restricted	https://wiki.cancerimagingarchive.net/pages/viewpage.action?pageId=83592528	https://aapm.onlinelibrary.wiley.com/doi/10.1002/mp.14098	TCIA is very responsive for data request	@article{porter2020hippocampus,   title={Hippocampus segmentation on noncontrast CT using deep learning},   author={Porter, Evan and Fuentes, Patricia and Siddiqui, Zaid and Thompson, Andrew and Levitin, Ronald and Solis, David and Myziuk, Nick and Guerrero, Thomas},   journal={Medical physics},   volume={47},   number={7},   pages={2950--2961},   year={2020} }
2020	GammaKnife-Hippocampal	Brain	MR	brain lesion	3868	TCIA Restricted	https://wiki.cancerimagingarchive.net/pages/viewpage.action?pageId=83592528	https://aapm.onlinelibrary.wiley.com/doi/10.1002/mp.14098	TCIA is very responsive for data request	@article{porter2020hippocampus,   title={Hippocampus segmentation on noncontrast CT using deep learning},   author={Porter, Evan and Fuentes, Patricia and Siddiqui, Zaid and Thompson, Andrew and Levitin, Ronald and Solis, David and Myziuk, Nick and Guerrero, Thomas},   journal={Medical physics},   volume={47},   number={7},   pages={2950--2961},   year={2020} }
2022	Meningioma-SEG-CLASS	Brain	MR	Tumor (Meningioma)	191	TCIA Restricted	https://doi.org/10.7937/0TKV-1A36	https://www.nature.com/articles/s41598-022-07859-0	TCIA is very responsive for data request	@article{vassantachart2022automatic,   title={Automatic differentiation of Grade I and II meningiomas on magnetic resonance image using an asymmetric convolutional neural network},   author={Vassantachart, April and Cao, Yufeng and Gribble, Michael and Guzman, Samuel and Ye, Jason C and Hurth, Kyle and Mathew, Anna and Zada, Gabriel and Fan, Zhaoyang and Chang, Eric L and others},   journal={Scientific Reports},   volume={12},   number={1},   pages={3806},   year={2022} }
2022	ISLES	Brain	MR-DWI-ADC, FLAIR	Ischemic stroke lesion	180	CC-BY-4.0	https://zenodo.org/records/7960856	https://www.nature.com/articles/s41597-022-01875-5	Included in training set	@article{hernandez2022isles,   title={ISLES 2022: A multi-center magnetic resonance imaging stroke lesion segmentation dataset},   author={Hernandez Petzsche, Moritz R and de la Rosa, Ezequiel and Hanning, Uta and Wiest, Roland and Valenzuela, Waldo and Reyes, Mauricio and Meyer, Maria and Liew, Sook-Lei and Kofler, Florian and Ezhov, Ivan and others},   journal={Scientific Data},   volume={9},   number={1},   pages={762},   year={2022} }
2021	BrainPTM	Brain	MR-T1	White matter tracts	75	Unknown	Participation - Grand Challenge (grand-challenge.org)	https://pubmed.ncbi.nlm.nih.gov/31751233/ https://ieeexplore.ieee.org/stamp/stamp.jsp?arnumber=9098454		@article{avital2019neural,   title={Neural segmentation of seeding ROIs (sROIs) for pre-surgical brain tractography},   author={Avital, Itzik and Nelkenbaum, Ilya and Tsarfaty, Galia and Konen, Eli and Kiryati, Nahum and Mayer, Arnaldo},   journal={IEEE transactions on medical imaging},   volume={39},   number={5},   pages={1655--1667},   year={2019} } @inproceedings{nelkenbaum2020automatic,   title={Automatic segmentation of white matter tracts using multiple brain MRI sequences},   author={Nelkenbaum, Ilya and Tsarfaty, Galia and Kiryati, Nahum and Konen, Eli and Mayer, Arnaldo},   booktitle={2020 IEEE 17th International Symposium on Biomedical Imaging (ISBI)},   pages={368--371},   year={2020} }
2023	Crossmoda	Brain	MR-T1-T2	Tumour, Cochlea	227	CC BY-NC	https://crossmoda-challenge.ml/	https://www.sciencedirect.com/science/article/pii/S1361841522002560	Included in training set	@article{dorent2023crossmoda,   title={CrossMoDA 2021 challenge: Benchmark of cross-modality domain adaptation techniques for vestibular schwannoma and cochlea segmentation},   author={Dorent, Reuben and Kujawa, Aaron and Ivory, Marina and Bakas, Spyridon and Rieke, Nicola and Joutard, Samuel and Glocker, Ben and Cardoso, Jorge and Modat, Marc and Batmanghelich, Kayhan and others},   journal={Medical Image Analysis},   volume={83},   pages={102628},   year={2023} }
2022	WMH	Brain	MR-T1, FLAIR	White matter hyper-intensities	60	CC BY 4.0	WMH segmentation challenge	https://pubmed.ncbi.nlm.nih.gov/30908194/	Included in training set	@article{kuijf2019standardized,   title={Standardized assessment of automatic segmentation of white matter hyperintensities and results of the WMH segmentation challenge},   author={Kuijf, Hugo J and Biesbroek, J Matthijs and De Bresser, Jeroen and Heinen, Rutger and Andermatt, Simon and Bento, Mariana and Berseth, Matt and Belyaev, Mikhail and Cardoso, M Jorge and Casamitjana, Adria and others},   journal={IEEE Transactions on Medical Imaging},   volume={38},   number={11},   pages={2556--2568},   year={2019} }
2015	Figshare Brain Tumor Dataset	Brain	MR-T1ce	meningioma; glioma; pituitary tumor	233	CC BY-SA 4.0	Figshare Brain Tumor Dataset (kaggle.com)	https://journals.plos.org/plosone/article?id=10.1371/journal.pone.0140381		@article{cheng2015enhanced,   title={Enhanced performance of brain tumor classification via tumor region augmentation and partition},   author={Cheng, Jun and Huang, Wei and Cao, Shuangliang and Yang, Ru and Yang, Wei and Yun, Zhaoqiang and Wang, Zhijian and Feng, Qianjin},   journal={PloS one},   volume={10},   number={10},   pages={e0140381},   year={2015} }
2022	Brain TR-GammakKnife	Brain	MR	brain lesion	228	TCIA Restricted	https://doi.org/10.7937/xb6d-py67 	https://www.nature.com/articles/s41597-023-02683-1	TCIA is very responsive for data request	@article{wang2023brain,   title={A brain MRI dataset and baseline evaluations for tumor recurrence prediction after Gamma Knife radiotherapy},   author={Wang, Yibin and Duggar, William Neil and Caballero, David Michael and Thomas, Toms Vengaloor and Adari, Neha and Mundra, Eswara Kumar and Wang, Haifeng},   journal={Scientific Data},   volume={10},   number={1},   pages={785},   year={2023} }
2022	UCSF-PDGM	Brain	MR	brain lesion 	501	TCIA Restricted	https://wiki.cancerimagingarchive.net/pages/viewpage.action?pageId=119705830	https://pubs.rsna.org/doi/10.1148/ryai.220058	TCIA is very responsive for data request	@article{calabrese2022university,   title={The University of California San Francisco preoperative diffuse glioma MRI dataset},   author={Calabrese, Evan and Villanueva-Meyer, Javier E and Rudie, Jeffrey D and Rauschecker, Andreas M and Baid, Ujjwal and Bakas, Spyridon and Cha, Soonmee and Mongan, John T and Hess, Christopher P},   journal={Radiology: Artificial Intelligence},   volume={4},   number={6},   pages={e220058},   year={2022} }
2024	FeTA	Brain 	MR	Brain organs	160	ND	https://www.synapse.org/#!Synapse:syn25649159/wiki/610007	https://www.nature.com/articles/s41597-021-00946-3	Authors are very responsive for data request	@misc{payette2021automatic,   title={An automatic multi-tissue human fetal brain segmentation benchmark using the fetal tissue annotation dataset. Sci Data 8: 167},   author={Payette, K and de Dumast, P and Kebiri, H and Ezhov, I and Paetzold, JC and Shit, S and Iqbal, A and Khan, R and Kottke, R and Grehten, P and others},   year={2021} }
2021	CDD-CESM 	Chest	Mammography	lesion	1233	CC BY 4.0	https://doi.org/10.7937/29kw-ae92	https://doi.org/10.1038/s41597-022-01238-0 https://doi.org/10.7937/29kw-ae92	Included in training set	@article{khaled2022categorized,   title={Categorized contrast enhanced mammography dataset for diagnostic and artificial intelligence research},   author={Khaled, Rana and Helal, Maha and Alfarghaly, Omar and Mokhtar, Omnia and Elkorany, Abeer and El Kassas, Hebatalla and Fahmy, Aly},   journal={Scientific Data},   volume={9},   number={1},   pages={122},   year={2022} } @misc{TCIAkhaled2021,   title = {Categorized Digital Database for Low energy and Subtracted Contrast Enhanced Spectral Mammography images [Dataset]},   author = {Khaled, R. and Helal, M. and Alfarghaly, O. and Mokhtar, O. and Elkorany, A. and El Kassas, H. and Fahmy, A.},   year = {2021},   doi = {10.7937/29kw-ae92} }
2018	MonuSeg	Chest	Microscopy	tumor cell nuclei 	Unknown	Unknown	MonuSeg-2018 (kaggle.com)	http://www.koreascience.or.kr/article/JAKO202125761193585.pdf		@article{dinh2021breast,   title={Breast tumor cell nuclei segmentation in histopathology images using efficientunet++ and multi-organ transfer learning},   author={Dinh, Tuan Le and Kwon, Seong-Geun and Lee, Suk-Hwan and Kwon, Ki-Ryong},   journal={Journal of Korea Multimedia Society},   volume={24},   number={8},   pages={1000--1011},   year={2021} }
	Breast Ultrasound Images Dataset	Chest	US	benign breast cancer malignant breast cancer	647	CC0 1.0	https://www.kaggle.com/datasets/aryashah2k/breast-ultrasound-images-dataset	https://doi.org/10.1016/j.dib.2019.104863	Included in training set	@article{al2020dataset,   title={Dataset of breast ultrasound images},   author={Al-Dhabyani, Walid and Gomaa, Mohammed and Khaled, Hussien and Fahmy, Aly},   journal={Data in Brief},   volume={28},   pages={104863},   year={2020} }
2024	NeurIPS CellSeg	Cell	Microscopy	cells	1000	CC BY-NC-ND	https://neurips22-cellseg.grand-challenge.org/	https://www.nature.com/articles/s41592-024-02233-6	Included in training set	@article{ma2024multimodality,   title={The multimodality cell segmentation challenge: toward universal solutions},   author={Ma, Jun and Xie, Ronald and Ayyadhury, Shamini and Ge, Cheng and Gupta, Anubha and Gupta, Ritu and Gu, Song and Zhang, Yao and Lee, Gihun and Kim, Joonkee and others},   journal={Nature methods},   pages={1--11},   year={2024},   publisher={Nature Publishing Group US New York} }
2023	CC-Tumor Heterogeneity	Pelvis	MR 	Tumor	7	CC BY 4.0	https://doi.org/10.7937/ERZ5-QZ59	https://onlinelibrary.wiley.com/doi/10.1002/jmri.25874	Included in training set	@article{bowen2018tumor,   title={Tumor radiomic heterogeneity: multiparametric functional imaging to characterize variability and predict response following cervical cancer radiation therapy},   author={Bowen, Stephen R and Yuh, William TC and Hippe, Daniel S and Wu, Wei and Partridge, Savannah C and Elias, Saba and Jia, Guang and Huang, Zhibin and Sandison, George A and Nelson, Dennis and others},   journal={Journal of Magnetic Resonance Imaging},   volume={47},   number={5},   pages={1388--1396},   year={2018} }
2022	ATM22	Chest	CT	airways	500	CC BY NC	https://atm22.grand-challenge.org/	https://link.springer.com/chapter/10.1007/978-3-031-16431-6_48 https://ieeexplore.ieee.org/abstract/document/9427208 https://ieeexplore.ieee.org/abstract/document/9761697 https://link.springer.com/chapter/10.1007/978-3-030-32226-7_24	Authors are very responsive for data request	@inproceedings{zhang2022cfda,   title={Cfda: Collaborative feature disentanglement and augmentation for pulmonary airway tree modeling of covid-19 cts},   author={Zhang, Minghui and Zhang, Hanxiao and Yang, Guang-Zhong and Gu, Yun},   booktitle={International conference on medical image computing and computer-assisted intervention},   pages={506--516},   year={2022} } @article{zheng2021alleviating,   title={Alleviating class-wise gradient imbalance for pulmonary airway segmentation},   author={Zheng, Hao and Qin, Yulei and Gu, Yun and Xie, Fangfang and Yang, Jie and Sun, Jiayuan and Yang, Guang-Zhong},   journal={IEEE transactions on medical imaging},   volume={40},   number={9},   pages={2452--2462},   year={2021} } @inproceedings{yu2022break,   title={Break: Bronchi reconstruction by geodesic transformation and skeleton embedding},   author={Yu, Weihao and Zheng, Hao and Zhang, Minghui and Zhang, Hanxiao and Sun, Jiayuan and Yang, Jie},   booktitle={2022 IEEE 19th International Symposium on Biomedical Imaging (ISBI)},   pages={1--5},   year={2022} } @inproceedings{qin2019airwaynet,   title={Airwaynet: a voxel-connectivity aware approach for accurate airway segmentation using convolutional neural networks},   author={Qin, Yulei and Chen, Mingjian and Zheng, Hao and Gu, Yun and Shen, Mali and Yang, Jie and Huang, Xiaolin and Zhu, Yue-Min and Yang, Guang-Zhong},   booktitle={International conference on medical image computing and computer-assisted intervention},   pages={212--220},   year={2019} }
2020	COVID-19-20-CTSEG	Chest	CT	COVID-19 Infections, left lung, right lung	20	CC BY-NC-SA	https://zenodo.org/records/3757476	https://doi.org/10.1002/mp.14676	Included in training set	@article{MP-COVID-19-SegBenchmark,   title={Towards Data-Efficient Learning: A Benchmark for COVID-19 CT Lung and Infection Segmentation},   author = {Ma, Jun and Wang, Yixin and An, Xingle and Ge, Cheng and Yu, Ziqi and Chen, Jianan and Zhu, Qiongjie and Dong, Guoqiang and He, Jian and He, Zhiqiang and Cao, Tianjia and Zhu, Yuntao and Nie, Ziwei and Yang, Xiaoping},   journal = {Medical Physics},   volume = {48},   number = {3},   pages = {1197-1210},   doi = {https://doi.org/10.1002/mp.14676},   year = {2021} }
2020	COVID-19-20	Chest	CT	COVID-19 lesions	199	CC BY	https://covid-segmentation.grand-challenge.org/Data/	https://doi.org/10.1016/j.media.2022.102605	Included in training set	@article{roth2022rapid,   title={Rapid artificial intelligence solutions in a pandemic—The COVID-19-20 Lung CT Lesion Segmentation Challenge},   author={Roth, Holger R and Xu, Ziyue and Tor-D{\'\i}ez, Carlos and Jacob, Ramon Sanchez and Zember, Jonathan and Molto, Jose and Li, Wenqi and Xu, Sheng and Turkbey, Baris and Turkbey, Evrim and others},   journal={Medical Image Analysis},   volume={82},   pages={102605},   year={2022} }
2020	LCTSC	Chest	CT	Esophagus, Heart, Lungs, Spinal cord	60	CC BY 3.0	https://wiki.cancerimagingarchive.net/pages/viewpage.action?pageId=24284539	https://doi.org/10.1002/mp.13141 	Included in training set	@article{yang2018autosegmentation,   title={Autosegmentation for thoracic radiation treatment planning: a grand challenge at AAPM 2017},   author={Yang, Jinzhong and Veeraraghavan, Harini and Armato III, Samuel G and Farahani, Keyvan and Kirby, Justin S and Kalpathy-Kramer, Jayashree and van Elmpt, Wouter and Dekker, Andre and Han, Xiao and Feng, Xue and others},   journal={Medical physics},   volume={45},   number={10},   pages={4568--4581},   year={2018},   publisher={Wiley Online Library} }
2020	LIDC-IDRI	Chest	CT	Lung cancer	13718	CC BY 3.0	https://doi.org/10.7937/K9/TCIA.2015.LO9QL9SX	https://doi.org/10.1118/1.3528204		@article{armato2011lung,   title={The lung image database consortium (LIDC) and image database resource initiative (IDRI): a completed reference database of lung nodules on CT scans},   author={Armato III, Samuel G and McLennan, Geoffrey and Bidaut, Luc and McNitt-Gray, Michael F and Meyer, Charles R and Reeves, Anthony P and Zhao, Binsheng and Aberle, Denise R and Henschke, Claudia I and Hoffman, Eric A and others},   journal={Medical physics},   volume={38},   number={2},   pages={915--931},   year={2011} }
2020	VESSEL12	Chest	CT	Lung Vessel	40	Unknown 	Lung Vessel Segmentation (kaggle.com)	https://www.sciencedirect.com/science/article/abs/pii/S136184151400111X		@article{RUDYANTO20141217, title = "Comparing algorithms for automated vessel segmentation in computed tomography scans of the lung: the VESSEL12 study", journal = "Medical Image Analysis", volume = "18", number = "7", pages = "1217 - 1232", year = "2014", issn = "1361-8415", author = "Rina D. Rudyanto and Sjoerd Kerkstra and Eva M. [van Rikxoort] and Catalin Fetita and Pierre-Yves Brillet and Christophe Lefevre and Wenzhe Xue and Xiangjun Zhu and Jianming Liang and İlkay Öksüz and Devrim Ünay and Kamuran Kadipaşaogˇlu and Raúl San José Estépar and James C. Ross and George R. Washko and Juan-Carlos Prieto and Marcela Hernández Hoyos and Maciej Orkisz and Hans Meine and Markus Hüllebrand and Christina Stöcker and Fernando Lopez Mir and Valery Naranjo and Eliseo Villanueva and Marius Staring and Changyan Xiao and Berend C. Stoel and Anna Fabijanska and Erik Smistad and Anne C. Elster and Frank Lindseth and Amir Hossein Foruzan and Ryan Kiros and Karteek Popuri and Dana Cobzas and Daniel Jimenez-Carretero and Andres Santos and Maria J. Ledesma-Carbayo and Michael Helmberger and Martin Urschler and Michael Pienn and Dennis G.H. Bosboom and Arantza Campo and Mathias Prokop and Pim A. [de Jong] and Carlos Ortiz-de-Solorzano and Arrate Muñoz-Barrutia and Bram [van Ginneken]" }
2016	LUNA 16	Chest	CT	Lungm Trachea	1010 (1308 series)	CC BY 3.0	https://luna16.grand-challenge.org/Download/	https://www.sciencedirect.com/science/article/pii/S1361841517301020?via%3Dihub		@article{setio2017validation,   title={Validation, comparison, and combination of algorithms for automatic detection of pulmonary nodules in computed tomography images: the LUNA16 challenge},   author={Setio, Arnaud Arindra Adiyoso and Traverso, Alberto and De Bel, Thomas and Berens, Moira SN and Van Den Bogaard, Cas and Cerello, Piergiorgio and Chen, Hao and Dou, Qi and Fantacci, Maria Evelina and Geurts, Bram and others},   journal={Medical image analysis},   volume={42},   pages={1--13},   year={2017} }
2021	COVID-19-CT-Seg-Benchmark	Chest	CT	Lungs	402	CC BY 3.0	https://github.com/JunMa11/COVID-19-CT-Seg-Benchmark	https://www.nature.com/articles/s41467-022-30695-9 https://arxiv.org/abs/1902.09063 https://aapm.onlinelibrary.wiley.com/doi/10.1002/mp.14676 https://link.springer.com/article/10.1007/s10278-021-00460-3	Included in training set	@article{antonelli2022medical,   title={The medical segmentation decathlon},   author={Antonelli, Michela and Reinke, Annika and Bakas, Spyridon and Farahani, Keyvan and Kopp-Schneider, Annette and Landman, Bennett A and Litjens, Geert and Menze, Bjoern and Ronneberger, Olaf and Summers, Ronald M and others},   journal={Nature Communications},   volume={13},   number={1},   pages={4128},   year={2022} } @article{simpson2019large,   title={A large annotated medical image dataset for the development and evaluation of segmentation algorithms},   author={Simpson, Amber L and Antonelli, Michela and Bakas, Spyridon and Bilello, Michel and Farahani, Keyvan and Van Ginneken, Bram and Kopp-Schneider, Annette and Landman, Bennett A and Litjens, Geert and Menze, Bjoern and others},   journal={arXiv preprint arXiv:1902.09063},   year={2019} } @article{MP-COVID-19-SegBenchmark,   title={Towards Data-Efficient Learning: A Benchmark for COVID-19 CT Lung and Infection Segmentation},   author = {Ma, Jun and Wang, Yixin and An, Xingle and Ge, Cheng and Yu, Ziqi and Chen, Jianan and Zhu, Qiongjie and Dong, Guoqiang and He, Jian and He, Zhiqiang and Cao, Tianjia and Zhu, Yuntao and Nie, Ziwei and Yang, Xiaoping},   journal = {Medical Physics},   volume = {48},   number = {3},   pages = {1197-1210},   doi = {https://doi.org/10.1002/mp.14676},   year = {2021} } @article{kiser2021novel,   title={Novel autosegmentation spatial similarity metrics capture the time required to correct segmentations better than traditional metrics in a thoracic cavity segmentation workflow},   author={Kiser, Kendall J and Barman, Arko and Stieb, Sonja and Fuller, Clifton D and Giancardo, Luca},   journal={Journal of Digital Imaging},   volume={34},   pages={541--553},   year={2021},   publisher={Springer} }
2021	NSCLC-PleuralEffusion	Chest	CT	PleuralEffusion	78	CC BY 3.0	https://wiki.cancerimagingarchive.net/pages/viewpage.action?pageId=68551327	https://link.springer.com/article/10.1007/s10278-021-00460-3	Included in training set	@article{kiser2020MP,   title={PleThora: Pleural effusion and thoracic cavity segmentations in diseased lungs for benchmarking chest CT processing pipelines},   author={Kiser, Kendall J and Ahmed, Sara and Stieb, Sonja and Mohamed, Abdallah SR and Elhalawani, Hesham and Park, Peter YS and Doyle, Nathan S and Wang, Brandon J and Barman, Arko and Li, Zhao and others},   journal={Medical Physics},   volume={47},   number={11},   pages={5941--5952},   year={2020} }  @article{kiser2021novel,   title={Novel autosegmentation spatial similarity metrics capture the time required to correct segmentations better than traditional metrics in a thoracic cavity segmentation workflow},   author={Kiser, Kendall J and Barman, Arko and Stieb, Sonja and Fuller, Clifton D and Giancardo, Luca},   journal={Journal of Digital Imaging},   volume={34},   pages={541--553},   year={2021},   publisher={Springer} }
2022	Parse 2022	Chest	CT	Pulmonary Artery	130	CC BY-NC-ND 6.0	 https://parse2022.grand-challenge.org/Dataset/	https://arxiv.org/abs/2304.03708	Authors are very responsive for data request	@article{luo2023efficient,   title={Efficient automatic segmentation for multi-level pulmonary arteries: The PARSE challenge},   author={Luo, Gongning and Wang, Kuanquan and Liu, Jun and Li, Shuo and Liang, Xinjie and Li, Xiangyu and Gan, Shaowei and Wang, Wei and Dong, Suyu and Wang, Wenyi and others},   journal={arXiv preprint arXiv:2304.03708},   year={2023} }
2018	NSCLC Radiogenomics	Chest	CT	tumor	88	CC BY 3.0	NSCLC Radiogenomics - The Cancer Imaging Archive (TCIA) Public Access - Cancer Imaging Archive Wiki	https://doi.org/10.1038/sdata.2018.202	Included in training set	@article{bakr2018radiogenomic,   title={A radiogenomic dataset of non-small cell lung cancer},   author={Bakr, Shaimaa and Gevaert, Olivier and Echegaray, Sebastian and Ayers, Kelsey and Zhou, Mu and Shafiq, Majid and Zheng, Hong and Benson, Jalen Anthony and Zhang, Weiruo and Leung, Ann NC and others},   journal={Scientific Data},   volume={5},   number={1},   pages={1--9},   year={2018} }
2018	Chest Xray Masks and Labels 	Chest	CXR	Lungs	704	CC0 1.0	https://www.kaggle.com/datasets/nikhilpandey360/chest-xray-masks-and-labels	https://ieeexplore.ieee.org/abstract/document/6616679 https://ieeexplore.ieee.org/document/6663723	Included in training set	@article{jaeger2013automatic,   title={Automatic tuberculosis screening using chest radiographs},   author={Jaeger, Stefan and Karargyris, Alexandros and Candemir, Sema and Folio, Les and Siegelman, Jenifer and Callaghan, Fiona and Xue, Zhiyun and Palaniappan, Kannappan and Singh, Rahul K and Antani, Sameer and others},   journal={IEEE Transactions on Medical Imaging},   volume={33},   number={2},   pages={233--245},   year={2013} } @article{candemir2013lung,   title={Lung segmentation in chest radiographs using anatomical atlases with nonrigid registration},   author={Candemir, Sema and Jaeger, Stefan and Palaniappan, Kannappan and Musco, Jonathan P and Singh, Rahul K and Xue, Zhiyun and Karargyris, Alexandros and Antani, Sameer and Thoma, George and McDonald, Clement J},   journal={IEEE Transactions on Medical Imaging},   volume={33},   number={2},   pages={577--590},   year={2013} }
2019	Chest X-Ray Pneumothorax	Chest	CXR	Pneumothorax	12047	CC BY 4.0	https://www.kaggle.com/datasets/vbookshelf/pneumothorax-chest-xray-images-and-masks	NA	Included in training set	@misc{kagglePneumothorax,   title = {Chest X-Ray Images with Pneumothorax Masks},   author = {{vbookshelf}},   year = {2020},   howpublished = {\url{https://www.kaggle.com/datasets/vbookshelf/pneumothorax-chest-xray-images-and-masks}} } @misc{kaggle2019SIIM-ACR,   title = {SIIM-ACR Pneumothorax Segmentation},   author = {Society for Imaging Informatics in Medicine (SIIM)},   year = {2019},   howpublished = {\url{https://www.kaggle.com/competitions/siim-acr-pneumothorax-segmentation/overview}} }
2015	GlaS@MICCAI'2015	Abdomen	Microscopy	Gland	165	Unknown	GlaS@MICCAI'2015: Gland Segmentation (kaggle.com)	http://arxiv.org/abs/1603.00275 https://pubmed.ncbi.nlm.nih.gov/25993703/		@article{sirinukunwattana2017gland,   title={Gland segmentation in colon histology images: The glas challenge contest},   author={Sirinukunwattana, Korsuk and Pluim, Josien PW and Chen, Hao and Qi, Xiaojuan and Heng, Pheng-Ann and Guo, Yun Bo and Wang, Li Yang and Matuszewski, Bogdan J and Bruni, Elia and Sanchez, Urko and others},   journal={Medical image analysis},   volume={35},   pages={489--502},   year={2017} } @article{sirinukunwattana2015stochastic,   title={A stochastic polygons model for glandular structures in colon histology images},   author={Sirinukunwattana, Korsuk and Snead, David RJ and Rajpoot, Nasir M},   journal={IEEE transactions on medical imaging},   volume={34},   number={11},   pages={2366--2378},   year={2015} }
2004	Drive	Vessel	Fundus	Fundus Blood vessel	40	Unknown	https://www.dropbox.com/sh/z4hbbzqai0ilqht/AAARqnQhjq3wQcSVFNR__6xNa?dl=0 https://drive.grand-challenge.org/	https://ieeexplore.ieee.org/document/1282003		@article{staal2004ridge,   title={Ridge-based vessel segmentation in color images of the retina},   author={Staal, Joes and Abr{\`a}moff, Michael D and Niemeijer, Meindert and Viergever, Max A and Van Ginneken, Bram},   journal={IEEE transactions on medical imaging},   volume={23},   number={4},   pages={501--509},   year={2004} }
2022	RAVIR	Eye	Fundus	Infrared Reflectance Imaging, Retinal Arteries and Veins	23	CC BY-NC-SA	https://drive.google.com/file/d/1ZlZoSStvE9VCRq3bJiGhQH931EF0h3hh/view https://ravir.grand-challenge.org/data/	https://ieeexplore.ieee.org/abstract/document/9744459?casa_token=bVo3jBzkoxYAAAAA:t2O9G3Y6cK05AxFEBL8oi_PyrOzbypsBHNCiKuqkiYTNG3gwzy7oNVo3dPpSmxFS-9B2dZJJzmjP1Q https://escholarship.org/uc/item/4r63v2bd		@article{hatamizadeh2022ravir,   title={RAVIR: A dataset and methodology for the semantic segmentation and quantitative analysis of retinal arteries and veins in infrared reflectance imaging},   author={Hatamizadeh, Ali and Hosseini, Hamid and Patel, Niraj and Choi, Jinseo and Pole, Cameron C and Hoeferlin, Cory M and Schwartz, Steven D and Terzopoulos, Demetri},   journal={IEEE Journal of Biomedical and Health Informatics},   volume={26},   number={7},   pages={3272--3283},   year={2022} } @book{hatamizadeh2020artificial,   title={An Artificial Intelligence Framework for the Automated Segmentation and Quantitative Analysis of Retinal Vasculature},   author={Hatamizadeh, Ali},   year={2020},   publisher={University of California, Los Angeles} }
2018	IDRiD	Eye	Fundus	optic disc	81	CC BY 4.0	https://ieee-dataport.org/open-access/indian-diabetic-retinopathy-image-dataset-idrid	https://www.mdpi.com/2306-5729/3/3/25	Included in training set	@article{porwal2018indian,   title={Indian diabetic retinopathy image dataset (IDRiD): a database for diabetic retinopathy screening research},   author={Porwal, Prasanna and Pachade, Samiksha and Kamble, Ravi and Kokare, Manesh and Deshmukh, Girish and Sahasrabuddhe, Vivek and Meriaudeau, Fabrice},   journal={Data},   volume={3},   number={3},   pages={25},   year={2018} }
2022	PAPILA	Eye	Fundus	Optic Disc (OD) Optic Cup (OC)	488	CC BY 4.0	https://figshare.com/articles/dataset/PAPILA/14798004/1	https://doi.org/10.1038/s41597-022-01388-1	Included in training set	@article{kovalyk2022papila,   title={PAPILA: Dataset with fundus images and clinical data of both eyes of the same patient for glaucoma assessment},   author={Kovalyk, Oleksandr and Morales-S{\'a}nchez, Juan and Verd{\'u}-Monedero, Rafael and Sell{\'e}s-Navarro, Inmaculada and Palaz{\'o}n-Cabanes, Ana and Sancho-G{\'o}mez, Jos{\'e}-Luis},   journal={Scientific Data},   volume={9},   number={1},   pages={291},   year={2022} }
2021	Intraretinal Cystoid Fluid	Eye	OCT	Cystoid Macular Edema	1460	CC BY-NC-SA 4.0		https://doi.org/10.1002/ima.22662	Included in training set	@article{ahmed2022deep,   title={Deep learning based automated detection of intraretinal cystoid fluid},   author={Ahmed, Zeeshan and Panhwar, Shahbaz Qamar and Baqai, Attiya and Umrani, Fahim Aziz and Ahmed, Munawar and Khan, Arbaaz},   journal={International Journal of Imaging Systems and Technology},   volume={32},   number={3},   pages={902--917},   year={2022} }
2018	hc18	Head	US	fetal head circumference	999	CC BY 4.0	https://zenodo.org/record/1327317	https://doi.org/10.1371/journal.pone.0200412 http://doi.org/10.5281/zenodo.1322001	Included in training set	@article{van2018automated,   title={Automated measurement of fetal head circumference using 2D ultrasound images},   author={van den Heuvel, Thomas LA and de Bruijn, Dagmar and de Korte, Chris L and Ginneken, Bram van},   journal={PloS One},   volume={13},   number={8},   pages={e0200412},   year={2018} } @dataset{TLAVanDenHeuvel20181322001,   author       = {T.L.A. van den Heuvel and                   Dagmar de Bruijn and                   Chris L. de Korte and                   Bram van Ginneken},   title        = {Automated measurement of fetal head circumference},   month        = Jul,   year         = 2018,   doi          = {10.5281/zenodo.1322001} }
2020	FetoPlac	Vessel	Microscopy	Fetoscopic optical camera	482	CC BY-NC-SA	https://weiss-develop.cs.ucl.ac.uk/fetoscopy-data/fetoscopy-placenta-dataset/fetoscopy-placenta-dataset.zip	https://link.springer.com/chapter/10.1007/978-3-030-59716-0_73		@inproceedings{bano2020vessel, title={Deep Placental Vessel Segmentation for Fetoscopic Mosaicking}, author={Bano, Sophia and Vasconcelos, Francisco and Shepherd, Luke M. and Vander Poorten, Emmanue and Vercauteren, Tom and Ourselin, Sebastien and David, Anna L. and Deprest, Jan and Stoyanov, Danail}, booktitle={International Conference on Medical Image Computing and Computer-Assisted Intervention}, year={2020} }
2023	HaN-Seg	Head and Neck	CT	Head	42	CC BY NC-ND	HaN-Seg: The head and neck organ-at-risk CT & MR segmentation dataset (zenodo.org)	https://aapm.onlinelibrary.wiley.com/doi/full/10.1002/mp.16197?af=R		@article{podobnik2023han,   title={HaN-Seg: The head and neck organ-at-risk CT and MR segmentation dataset},   author={Podobnik, Ga{\v{s}}per and Strojan, Primo{\v{z}} and Peterlin, Primo{\v{z}} and Ibragimov, Bulat and Vrtovec, Toma{\v{z}}},   journal={Medical physics},   volume={50},   number={3},   pages={1917--1927},   year={2023} }
2022	GammaKnife-Hippocampal	Head	CT	Hippocampal Contours	390	TCIA Restricted	https://wiki.cancerimagingarchive.net/pages/viewpage.action?pageId=83592528	https://doi.org/10.1002/mp.14098	TCIA is very responsive for data request	@article{porter2020hippocampus,   title={Hippocampus segmentation on noncontrast CT using deep learning},   author={Porter, Evan and Fuentes, Patricia and Siddiqui, Zaid and Thompson, Andrew and Levitin, Ronald and Solis, David and Myziuk, Nick and Guerrero, Thomas},   journal={Medical physics},   volume={47},   number={7},   pages={2950--2961},   year={2020} }
2022	GammaKnife-Hippocampal	Head	MR	Hippocampal Contours	3868	TCIA Restricted	https://wiki.cancerimagingarchive.net/pages/viewpage.action?pageId=83592528	https://doi.org/10.1002/mp.14098	TCIA is very responsive for data request	@article{porter2020hippocampus,   title={Hippocampus segmentation on noncontrast CT using deep learning},   author={Porter, Evan and Fuentes, Patricia and Siddiqui, Zaid and Thompson, Andrew and Levitin, Ronald and Solis, David and Myziuk, Nick and Guerrero, Thomas},   journal={Medical physics},   volume={47},   number={7},   pages={2950--2961},   year={2020} }
2021	BraTS	Head	MR-T1, T1Gd, T2, FLAIR	Enhancing tumor Peritumoral edematous/invaded tissue Necrotic tumor core	1251	CC BY-NC	http://braintumorsegmentation.org/	https://ieeexplore.ieee.org/document/6975210 https://arxiv.org/abs/1811.02629	Included in training set	@article{Brats15-TMI,   title={The multimodal brain tumor image segmentation benchmark (BRATS)},   author={Menze, Bjoern H and Jakab, Andras and Bauer, Stefan and Kalpathy-Cramer, Jayashree and Farahani, Keyvan and Kirby, Justin and Burren, Yuliya and Porz, Nicole and Slotboom, Johannes and Wiest, Roland and others},   journal={IEEE Transactions on Medical Imaging},   volume={34},   number={10},   pages={1993--2024},   year={2014} }  @article{bakas2018brats,   title={Identifying the best machine learning algorithms for brain tumor segmentation, progression assessment, and overall survival prediction in the BRATS challenge},   author={Bakas, Spyridon and Reyes, Mauricio and Jakab, Andras and Bauer, Stefan and Rempfler, Markus and Crimi, Alessandro and others},   journal={arXiv preprint arXiv:1811.02629},   year={2018} }
2023	ps-fh-aop-2023	Pelvis	US	Pubic symphysis Fetal head	4000	CC BY 4.0	https://zenodo.org/record/7851339#.ZEH6eHZBztU	https://doi.org/10.1016/j.dib.2022.107904	Included in training set	@article{lu2022jnu,   title={The JNU-IFM dataset for segmenting pubic symphysis-fetal head},   author={Lu, Yaosheng and Zhou, Mengqiang and Zhi, Dengjiang and Zhou, Minghong and Jiang, Xiaosong and Qiu, Ruiyu and Ou, Zhanhong and Wang, Huijin and Qiu, Di and Zhong, Mei and others},   journal={Data in Brief},   volume={41},   pages={107904},   year={2022} }
2020	OPC-Radiomics	Head and Neck	CT	Oropharynx tumor	606	TCIA Restricted	https://wiki.cancerimagingarchive.net/pages/viewpage.action?pageId=33948764	https://www.sciencedirect.com/science/article/pii/S0360301618301299?via%3Dihub	TCIA is very responsive for data request	@article{kwan2018radiomic,   title={Radiomic biomarkers to refine risk models for distant metastasis in HPV-related oropharyngeal carcinoma},   author={Kwan, Jennifer Yin Yee and Su, Jie and Huang, Shao Hui and Ghoraie, Laleh S and Xu, Wei and Chan, Biu and Yip, Kenneth W and Giuliani, Meredith and Bayley, Andrew and Kim, John and others},   journal={International Journal of Radiation Oncology* Biology* Physics},   volume={102},   number={4},   pages={1107--1116},   year={2018} }
2023	TCGA-HNSC	Head and Neck	CT	Head-neck cancer	2561	TCIA Restricted	https://www.cancerimagingarchive.net/collection/tcga-hnsc/	https://wiki.cancerimagingarchive.net/pages/viewpage.action?pageId=11829589#11829589e26236b332b8438fbc8f5463e31de8cf	TCIA is very responsive for data request	@misc{zuley2016hnsc, title={The Cancer Genome Atlas Head-Neck Squamous Cell Carcinoma Collection (TCGA-HNSC) (Version 6) [Data set]}, DOI={10.7937/K9/TCIA.2016.LXKQ47MS}, url={https://doi.org/10.7937/K9/TCIA.2016.LXKQ47MS}, author={Zuley, M. L. and Jarosz, R. and Kirk, S. and Lee, Y. and Colen, R. and Garcia, K. and Delbeke, D. and Pham, M. and Nagy, P. and Sevinc, G. and Goldsmith, M. and Khan, S. and Net, J. M. and Lucchesi, F. R. and Aredes, N. D.}, publisher={The Cancer Imaging Archive}, year={2016} }
2023	MM-WHS	Chest	CT, MR	Heart	120	Unknown	https://zmiclab.github.io/zxh/0/mmwhs/	https://www.sciencedirect.com/journal/medical-image-analysis/special-issue/10MFST0CK73 https://ieeexplore.ieee.org/document/8458220/ https://ieeexplore.ieee.org/document/9965747 https://ieeexplore.ieee.org/document/9921323	Authors are very responsive for data request	@article{gao2023bayeseg,   title={BayeSeg: Bayesian modeling for medical image segmentation with interpretable generalizability},   author={Gao, Shangqi and Zhou, Hangqi and Gao, Yibo and Zhuang, Xiahai},   journal={Medical Image Analysis},   volume={89},   pages={102889},   year={2023} } @article{zhuang2018multivariate,   title={Multivariate mixture model for myocardial segmentation combining multi-source images},   author={Zhuang, Xiahai},   journal={IEEE transactions on pattern analysis and machine intelligence},   volume={41},   number={12},   pages={2933--2946},   year={2018} } @article{luo2022mathcal,   title={$$\backslash$mathcal $\{$X$\}$ $-Metric: An N-Dimensional Information-Theoretic Framework for Groupwise Registration and Deep Combined Computing},   author={Luo, Xinzhe and Zhuang, Xiahai},   journal={IEEE Transactions on Pattern Analysis and Machine Intelligence},   volume={45},   number={7},   pages={9206--9224},   year={2022} } @article{wu2022minimizing,   title={Minimizing estimated risks on unlabeled data: A new formulation for semi-supervised medical image segmentation},   author={Wu, Fuping and Zhuang, Xiahai},   journal={IEEE Transactions on Pattern Analysis and Machine Intelligence},   volume={45},   number={5},   pages={6021--6036},   year={2022} }
2021	MMs-20-21	Chest	MR	LV, Myocardium, RV	150	Unknown	https://www.ub.edu/mnms/ https://www.ub.edu/mnms-2/	https://ieeexplore.ieee.org/abstract/document/9458279	Authors are very responsive for data request	@article{campello2021multi,   title={Multi-centre, multi-vendor and multi-disease cardiac segmentation: the M\&Ms challenge},   author={Campello, Victor M and Gkontra, Polyxeni and Izquierdo, Cristian and Martin-Isla, Carlos and Sojoudi, Alireza and Full, Peter M and Maier-Hein, Klaus and Zhang, Yao and He, Zhiqiang and Ma, Jun and others},   journal={IEEE Transactions on Medical Imaging},   volume={40},   number={12},   pages={3543--3554},   year={2021} }
2017	ACDC	Chest	MR	Right Ventricle, Left Ventricle,  Myocardium	150	Unknown	https://humanheart-project.creatis.insa-lyon.fr/database/#collection/637218c173e9f0047faa00fb	https://ieeexplore.ieee.org/document/8360453		@article{bernard2018deep,   title={Deep learning techniques for automatic MRI cardiac multi-structures segmentation and diagnosis: is the problem solved?},   author={Bernard, Olivier and Lalande, Alain and Zotti, Clement and Cervenansky, Frederick and Yang, Xin and Heng, Pheng-Ann and Cetin, Irem and Lekadir, Karim and Camara, Oscar and Ballester, Miguel Angel Gonzalez and others},   journal={IEEE transactions on medical imaging},   volume={37},   number={11},   pages={2514--2525},   year={2018} }
2019	CAMUS	Chest	US	LV, Myocardium, RV	500	Unknown	Human Heart Project (insa-lyon.fr)	https://www.creatis.insa-lyon.fr/Challenge/camus/files/tmi_2019_leclerc.pdf		@article{leclerc2019deep,   title={Deep learning for segmentation using an open large-scale dataset in 2D echocardiography},   author={Leclerc, Sarah and Smistad, Erik and Pedrosa, Joao and {\O}stvik, Andreas and Cervenansky, Frederic and Espinosa, Florian and Espeland, Torvald and Berg, Erik Andreas Rye and Jodoin, Pierre-Marc and Grenier, Thomas and others},   journal={IEEE transactions on medical imaging},   volume={38},   number={9},   pages={2198--2210},   year={2019} }
2024	HMC-QU	Chest	US	myocardial infarction (MI) detection on the left ventricle wall of the heart	4607	CC BY-NC-SA	https://www.kaggle.com/datasets/aysendegerli/hmcqu-dataset	https://doi.org/10.1016/j.bspc.2023.105448 https://doi.org/10.1109/ACCESS.2021.3059595 https://doi.org/10.1109/ACCESS.2020.3038743 https://doi.org/10.22489/CinC.2023.240		@article{degerli2024early,   title={Early myocardial infarction detection over multi-view echocardiography},   author={Degerli, Aysen and Kiranyaz, Serkan and Hamid, Tahir and Mazhar, Rashid and Gabbouj, Moncef},   journal={Biomedical Signal Processing and Control},   volume={87},   pages={105448},   year={2024} } @article{degerli2021early,   title={Early detection of myocardial infarction in low-quality echocardiography},   author={Degerli, Aysen and Zabihi, Morteza and Kiranyaz, Serkan and Hamid, Tahir and Mazhar, Rashid and Hamila, Ridha and Gabbouj, Moncef},   journal={IEEE Access},   volume={9},   pages={34442--34453},   year={2021} @article{kiranyaz2020left,   title={Left ventricular wall motion estimation by active polynomials for acute myocardial infarction detection},   author={Kiranyaz, Serkan and Degerli, Aysen and Hamid, Tahir and Mazhar, Rashid and Ahmed, Rayyan El Fadil and Abouhasera, Rayaan and Zabihi, Morteza and Malik, Junaid and Hamila, Ridha and Gabbouj, Moncef},   journal={IEEE Access},   volume={8},   pages={210301--210317},   year={2020} } @inproceedings{adalioglu2023saf,   title={SAF-Net: Self-Attention Fusion Network for Myocardial Infarction Detection Using Multi-View Echocardiography},   author={Adalioglu, Ilke and Ahishali, Mete and Degerli, Aysen and Kiranyaz, Serkan and Gabbouj, Moncef},   booktitle={2023 Computing in Cardiology (CinC)},   volume={50},   pages={1--4},   year={2023} }
2023	ARCADE	Chest	X-Ray	Vessel	1500	CC Zero v1.0 Universal	https://doi.org/10.5281/zenodo.10390295	https://www.nature.com/articles/s41597-023-02871-z		@article{popov2024dataset,   title={Dataset for Automatic Region-based Coronary Artery Disease Diagnostics Using X-Ray Angiography Images},   author={Popov, Maxim and Amanturdieva, Akmaral and Zhaksylyk, Nuren and Alkanov, Alsabir and Saniyazbekov, Adilbek and Aimyshev, Temirgali and Ismailov, Eldar and Bulegenov, Ablay and Kuzhukeyev, Arystan and Kulanbayeva, Aizhan and others},   journal={Scientific Data},   volume={11},   number={1},   pages={20},   year={2024} }
2021	HuBMAP - Hacking the Kidney	Abdomen	Pathology	glomeruli FTU	3773	Unknown	HuBMAP - Hacking the Kidney | Kaggle	https://www.nature.com/articles/s42003-023-04848-5		@misc{kaggle2021HuBMAPkidney,   title = {{HuBMAP - Hacking the Kidney: Identify glomeruli in human kidney tissue images}},   author = {{InnovationDigi}},   year = {2021},   howpublished = {\url{https://www.kaggle.com/competitions/hubmap-kidney-segmentation/data?select=test}} }
2020	CT2USforKidneySeg	Abdomen	US	kidney	4586	GPL 2	CT2USforKidneySeg (kaggle.com)	https://www.sciencedirect.com/science/article/pii/S0041624X22000191		@article{song2022ct2us,   title={CT2US: Cross-modal transfer learning for kidney segmentation in ultrasound images with synthesized data},   author={Song, Yuxin and Zheng, Jing and Lei, Long and Ni, Zhipeng and Zhao, Baoliang and Hu, Ying},   journal={Ultrasonics},   volume={122},   pages={106706},   year={2022} }
2022	HuBMAP - HPA 	Abdomen	Pathology	functional tissue unit (FTU)	522 patches (1024*1024) from 58 images	Unknown	HuBMAP + HPA - Hacking the Human Body | Kaggle	NA		@misc{kaggle2022HuBMAPHPA,   title = {{HuBMAP + HPA - Hacking the Human Body}},   author = {{HuBMAP + HPA}},   year = {2022},   howpublished = {\url{https://www.kaggle.com/competitions/hubmap-organ-segmentation}} }
2022	HCC-TACE-Seg	Abdomen	CT	Tumor	74	CC BY 4.0	https://wiki.cancerimagingarchive.net/pages/viewpage.action?pageId=70230229	https://doi.org/10.1148/ryai.2019180021 	Included in training set	@article{HCC-TACE,   title={A Machine Learning Model to Predict Hepatocellular Carcinoma Response to Transcatheter Arterial Chemoembolization},   author={Morshid, Ahmed and Elsayes, Khaled M. and Khalaf, Ahmed M. and Elmohr, Mohamed M. and Yu, Jian and Kaseb, Ahmed O. and Hassan, Mohamed and Mahvash, Armeen and Wang, Zeshan and Hazle, John D. and Fuentes, David},   journal={Radiology: Artificial Intelligence},   volume={1},   number={5},   pages={e180021},   year={2019} }
2020	NSCLC-Radiomics	Chest	CT	tumor	400	CC BY-NC 3.0	https://wiki.cancerimagingarchive.net/display/Public/NSCLC-Radiomics	https://doi.org/10.1038/ncomms5006	Included in training set	@article{aerts2014decoding,   title={Decoding tumour phenotype by noninvasive imaging using a quantitative radiomics approach},   author={Aerts, Hugo JWL and Velazquez, Emmanuel Rios and Leijenaar, Ralph TH and Parmar, Chintan and Grossmann, Patrick and Carvalho, Sara and Bussink, Johan and Monshouwer, Ren{\'e} and Haibe-Kains, Benjamin and Rietveld, Derek and others},   journal={Nature Communications},   volume={5},   number={1},   pages={4006},   year={2014} }
2021	COVID-19 Radiography Database	Chest	CXR	Lungs	21165	Academic/Non-Commercial Use	https://www.kaggle.com/datasets/tawsifurrahman/covid19-radiography-database	https://doi.org/10.1016/j.compbiomed.2021.104319 https://ieeexplore.ieee.org/document/9144185	Included in training set	@article{rahman2021exploring,   title={Exploring the effect of image enhancement techniques on COVID-19 detection using chest X-ray images},   author={Rahman, Tawsifur and Khandakar, Amith and Qiblawey, Yazan and Tahir, Anas and Kiranyaz, Serkan and Kashem, Saad Bin Abul and Islam, Mohammad Tariqul and Al Maadeed, Somaya and Zughaier, Susu M and Khan, Muhammad Salman and others},   journal={Computers in Biology and Medicine},   volume={132},   pages={104319},   year={2021} } @article{chowdhury2020can,   title={Can AI help in screening viral and COVID-19 pneumonia?},   author={Chowdhury, Muhammad EH and Rahman, Tawsifur and Khandakar, Amith and Mazhar, Rashid and Kadir, Muhammad Abdul and Mahbub, Zaid Bin and Islam, Khandakar Reajul and Khan, Muhammad Salman and Iqbal, Atif and Al Emadi, Nasser and others},   journal={Ieee Access},   volume={8},   pages={132665--132676},   year={2020} }
2021	COVID-QU-Ex	Chest	CXR	Lungs	5826	CC BY-SA 4.0	https://www.kaggle.com/datasets/anasmohammedtahir/covidqu	https://doi.org/10.1016/j.compbiomed.2021.105002 https://doi.org/10.34740/kaggle/dsv/3122958 https://doi.org/10.1016/j.compbiomed.2021.104319 https://doi.org/10.1007/s13755-021-00146-8 https://doi.org/10.1109/ACCESS.2020.3010287	Included in training set	@article{tahir2021covid,   title={COVID-19 infection localization and severity grading from chest X-ray images},   author={Tahir, Anas M and Chowdhury, Muhammad EH and Khandakar, Amith and Rahman, Tawsifur and Qiblawey, Yazan and Khurshid, Uzair and Kiranyaz, Serkan and Ibtehaz, Nabil and Rahman, M Sohel and Al-Maadeed, Somaya and others},   journal={Computers in Biology and Medicine},   volume={139},   pages={105002},   year={2021} } article{rahman2021exploring,   title={Exploring the effect of image enhancement techniques on COVID-19 detection using chest X-ray images},   author={Rahman, Tawsifur and Khandakar, Amith and Qiblawey, Yazan and Tahir, Anas and Kiranyaz, Serkan and Kashem, Saad Bin Abul and Islam, Mohammad Tariqul and Al Maadeed, Somaya and Zughaier, Susu M and Khan, Muhammad Salman and others},   journal={Computers in biology and medicine},   volume={132},   pages={104319},   year={2021},   publisher={Elsevier} } @article{degerli2021covid,   title={COVID-19 infection map generation and detection from chest X-ray images},   author={Degerli, Aysen and Ahishali, Mete and Yamac, Mehmet and Kiranyaz, Serkan and Chowdhury, Muhammad EH and Hameed, Khalid and Hamid, Tahir and Mazhar, Rashid and Gabbouj, Moncef},   journal={Health Information Science and Systems},   volume={9},   number={1},   pages={15},   year={2021} } article{chowdhury2020can,   title={Can AI help in screening viral and COVID-19 pneumonia?},   author={Chowdhury, Muhammad EH and Rahman, Tawsifur and Khandakar, Amith and Mazhar, Rashid and Kadir, Muhammad Abdul and Mahbub, Zaid Bin and Islam, Khandakar Reajul and Khan, Muhammad Salman and Iqbal, Atif and Al Emadi, Nasser and others},   journal={Ieee Access},   volume={8},   pages={132665--132676},   year={2020},   publisher={IEEE} } @misc{kaggle2022COVID-QU-Ex,     title={COVID-QU-Ex Dataset},     DOI={10.34740/KAGGLE/DSV/3122958},     author={Anas M. Tahir and Muhammad E. H. Chowdhury and Yazan Qiblawey and Amith Khandakar and Tawsifur Rahman and Serkan Kiranyaz and Uzair Khurshid and Nabil Ibtehaz and Sakib Mahmud and Maymouna Ezeddin},     year={2022} }
2016	US-Nerve	Neck	US	Brachial Plexus (BP)	5635	Unknown	Ultrasound Nerve Segmentation | Kaggle	Unknown		@misc{kaggle2016, author = {Anna Montoya and Hasnin and kaggle446 and shirzad and Will Cukierski and yffud}, title = {Ultrasound Nerve Segmentation}, year = {2016}, publisher = {Kaggle}, howpublished = {\url{https://kaggle.com/competitions/ultrasound-nerve-segmentation}} }
2021	PanNuke	Cell	Microscopy	nuclei	20,000	CC BY-NC-SA 4.0	Cancer Instance Segmentation and Classification 1 (kaggle.com)	https://link.springer.com/chapter/10.1007/978-3-030-23937-4_2		@inproceedings{gamper2019pannuke,   title={Pannuke: an open pan-cancer histology dataset for nuclei instance segmentation and classification},   author={Gamper, Jevgenij and Alemi Koohbanani, Navid and Benet, Ksenija and Khuram, Ali and Rajpoot, Nasir},   booktitle={Digital Pathology: 15th European Congress, ECDP 2019, Warwick, UK, April 10--13, 2019, Proceedings 15},   pages={11--19},   year={2019} }
2022	Pancreatic-CT-CBCT-SEG	Abdomen	CT	Organ at risk	40	CC BY 4.0	https://www.cancerimagingarchive.net/collection/pancreatic-ct-cbct-seg/	https://doi.org/10.7937/TCIA.ESHQ-4D90		@article{han2021deep,   title={Deep-learning-based image registration and automatic segmentation of organs-at-risk in cone-beam CT scans from high-dose radiation treatment of pancreatic cancer},   author={Han, Xu and Hong, Jun and Reyngold, Marsha and Crane, Christopher and Cuaron, John and Hajj, Carla and Mann, Justin and Zinovoy, Melissa and Greer, Hastings and Yorke, Ellen and others},   journal={Medical physics},   volume={48},   number={6},   pages={3084--3095},   year={2021} }
2022	Pediatric-CT-SEG	Chest, Abdomen, Pelvis	CT	Abdomen, Chest, Pelvic organs	359	CC By 4.0	https://wiki.cancerimagingarchive.net/download/attachments/89096588/Pediatric-CT-SEG%20Mar%2022%202022%20manifest.tcia?api=v2	https://doi.org/10.7937/TCIA.X0H0-1706		@article{jordan2022pediatric,   title={Pediatric chest-abdomen-pelvis and abdomen-pelvis CT images with expert organ contours},   author={Jordan, Petr and Adamson, Philip M and Bhattbhatt, Vrunda and Beriwal, Surabhi and Shen, Sangyu and Radermecker, Oskar and Bose, Supratik and Strain, Linda S and Offe, Michael and Fraley, David and others},   journal={Medical physics},   volume={49},   number={5},   pages={3523--3528},   year={2022} }
2023	Prostate Anatomical Edge Cases	Pelvis	CT	Prostate, rectum, bladder, and bilateral femoral heads	131	CC BY 4.0	PROSTATE-ANATOMICAL-EDGE-CASES - The Cancer Imaging Archive (TCIA)	https://www.sciencedirect.com/science/article/pii/S2405631623000040?via%3Dihub		@article{kanwar2023stress,   title={Stress-testing pelvic autosegmentation algorithms using anatomical edge cases},   author={Kanwar, Aasheesh and Merz, Brandon and Claunch, Cheryl and Rana, Shushan and Hung, Arthur and Thompson, Reid F},   journal={Physics and Imaging in Radiation Oncology},   volume={25},   pages={100413},   year={2023} }
2015	I2CVB	Pelvis	MR	Prostate Gland, Peripheral Zone, Central Gland, CaP	19	Unknown	Initiative for Collaborative Computer Vision Benchmarking (i2cvb.github.io)	https://www.sciencedirect.com/science/article/pii/S001048251500058X		@article{lemaitre2015computer,   title={Computer-aided detection and diagnosis for prostate cancer based on mono and multi-parametric MRI: a review},   author={Lema{\^\i}tre, Guillaume and Mart{\'\i}, Robert and Freixenet, Jordi and Vilanova, Joan C and Walker, Paul M and Meriaudeau, Fabrice},   journal={Computers in biology and medicine},   volume={60},   pages={8--31},   year={2015} }
2022	The PI-CAI Challenge	Pelvis	MR-bp	Prostate Cancer	1500	CC BY-NC 4.0	https://zenodo.org/records/6624726 https://github.com/DIAGNijmegen/picai_labels	https://www.sciencedirect.com/science/article/pii/S1361841521002012#ec-research-data		@article{saha2021end,   title={End-to-end prostate cancer detection in bpMRI via 3D CNNs: effects of attention mechanisms, clinical priori and decoupled false positive reduction},   author={Saha, Anindo and Hosseinzadeh, Matin and Huisman, Henkjan},   journal={Medical image analysis},   volume={73},   pages={102155},   year={2021},   publisher={Elsevier} }
2023	PROMISE12	Pelvis	MR-T2	Prostate	50	CC BY-NC	https://zenodo.org/records/8026660	https://www.sciencedirect.com/science/article/abs/pii/S1361841513001734	Included in training set	@article{litjens2014evaluation,   title={Evaluation of prostate segmentation algorithms for MRI: the PROMISE12 challenge},   author={Litjens, Geert and Toth, Robert and Van De Ven, Wendy and Hoeks, Caroline and Kerkstra, Sjoerd and Van Ginneken, Bram and Vincent, Graham and Guillard, Gwenael and Birbeck, Neil and Zhang, Jindang and others},   journal={Medical image analysis},   volume={18},   number={2},   pages={359--373},   year={2014},   publisher={Elsevier} }
2015	NCI-ISBI	Pelvis	MR-T2	Prostate	30	CC BY 3.0	https://www.cancerimagingarchive.net/analysis-result/isbi-mr-prostate-2013/	http://doi.org/10.7937/K9/TCIA.2015.zF0vlOPv	Included in training set	@article{bloch2015nci,   title={NCI-ISBI 2013 Challenge: Automated Segmentation of Prostate Structures},   author={Bloch, Nathan and Madabhushi, Anant and Huisman, Henkjan and Freymann, John and Kirby, Justin and Grauer, Michael and Enquobahrie, Andinet and Jaffe, Carl and Clarke, Laurence and Farahani, Keyvan},   journal={The Cancer Imaging Archive},   year={2015} }
2020	QIN-PROSTATE-Repeatability	Pelvis	MR	Prostate and lesion	66	CC BY 4.0	https://www.cancerimagingarchive.net/collection/qin-prostate-repeatability/	https://www.nature.com/articles/sdata2018281	Included in training set	@article{fedorov2017multiparametric,   title={Multiparametric magnetic resonance imaging of the prostate: repeatability of volume and apparent diffusion coefficient quantification},   author={Fedorov, Andriy and Vangel, Mark G and Tempany, Clare M and Fennessy, Fiona M},   journal={Investigative Radiology},   volume={52},   number={9},   pages={538},   year={2017} } @article{fedorov2018annotated,   title={An annotated test-retest collection of prostate multiparametric MRI},   author={Fedorov, Andriy and Schwier, Michael and Clunie, David and Herz, Christian and Pieper, Steve and Kikinis, Ron and Tempany, Clare and Fennessy, Fiona},   journal={Scientific Data},   volume={5},   number={1},   pages={1--13},   year={2018} }
2022	Breast Cancer Segmentation	Cell	Pathology	Breast cancer	151 slides	CC0 1.0 Universal (CC0 1.0) license	PathologyDataScience/BCSS: Use this to download all elements of the BCSS dataset described in: Amgad M, Elfandy H, ..., Gutman DA, Cooper LAD. Structured crowdsourcing enables convolutional segmentation of histology images. Bioinformatics. 2019. doi: 10.1093/bioinformatics/btz083 (github.com)	https://academic.oup.com/bioinformatics/article/35/18/3461/5307750		@article{amgad2019structured,   title={Structured crowdsourcing enables convolutional segmentation of histology images},   author={Amgad, Mohamed and Elfandy, Habiba and Hussein, Hagar and Atteya, Lamees A and Elsebaie, Mai AT and Abo Elnasr, Lamia S and Sakr, Rokia A and Salem, Hazem SE and Ismail, Ahmed F and Saad, Anas M and others},   journal={Bioinformatics},   volume={35},   number={18},   pages={3461--3467},   year={2019} }
2018	ISIC2018	Skin	Dermoscopy	full lesion (Melanoma)	3694	CC BY-NC 4.0	https://challenge.isic-archive.com/data/#2020	https://doi.org/10.1038/sdata.2018.161 https://arxiv.org/abs/1710.05006 https://arxiv.org/abs/1902.03368	Included in training set	@article{tschandl2018ham10000,   title={The HAM10000 dataset, a large collection of multi-source dermatoscopic images of common pigmented skin lesions},   author={Tschandl, Philipp and Rosendahl, Cliff and Kittler, Harald},   journal={Scientific Data},   volume={5},   number={1},   pages={1--9},   year={2018} } @inproceedings{codella2018skin,   title={Skin lesion analysis toward melanoma detection: A challenge at the 2017 international symposium on biomedical imaging (isbi), hosted by the international skin imaging collaboration (isic)},   author={Codella, Noel CF and Gutman, David and Celebi, M Emre and Helba, Brian and Marchetti, Michael A and Dusza, Stephen W and Kalloo, Aadi and Liopyris, Konstantinos and Mishra, Nabin and Kittler, Harald and others},   booktitle={2018 IEEE 15th International Symposium on Biomedical Imaging (ISBI 2018)},   pages={168--172},   year={2018} } @article{codella2019skin,   title={Skin lesion analysis toward melanoma detection 2018: A challenge hosted by the international skin imaging collaboration (isic)},   author={Codella, Noel and Rotemberg, Veronica and Tschandl, Philipp and Celebi, M Emre and Dusza, Stephen and Gutman, David and Helba, Brian and Kalloo, Aadi and Liopyris, Konstantinos and Marchetti, Michael and others},   journal={arXiv preprint arXiv:1902.03368},   year={2019} }
	uwaterloo skin cancer	Skin	Dermoscopy	skin lesion (melanoma)	206	Unknown	Skin Cancer Detection | Vision and Image Processing Lab | University of Waterloo (uwaterloo.ca)			@misc{uwaterlooSkinCancer,     author = {{University of Waterloo}},     title = {{Skin Cancer Detection}},     howpublished = {\url{https://uwaterloo.ca/vision-image-processing-lab/research-demos/skin-cancer-detection}} }
2022	MSD	Abdomen	CT	Liver and tumour	201	CC BY-SA 4.0	http://medicaldecathlon.com/	https://doi.org/10.1038/s41467-022-30695-9 https://arxiv.org/abs/1902.09063	Included in training set	@article{antonelli2022medical,   title={The medical segmentation decathlon},   author={Antonelli, Michela and Reinke, Annika and Bakas, Spyridon and Farahani, Keyvan and Kopp-Schneider, Annette and Landman, Bennett A and Litjens, Geert and Menze, Bjoern and Ronneberger, Olaf and Summers, Ronald M and others},   journal={Nature Communications},   volume={13},   number={1},   pages={4128},   year={2022} } @article{simpson2019large,   title={A large annotated medical image dataset for the development and evaluation of segmentation algorithms},   author={Simpson, Amber L and Antonelli, Michela and Bakas, Spyridon and Bilello, Michel and Farahani, Keyvan and Van Ginneken, Bram and Kopp-Schneider, Annette and Landman, Bennett A and Litjens, Geert and Menze, Bjoern and others},   journal={arXiv preprint arXiv:1902.09063},   year={2019} }
2022	MSD	Head	MR	Brain Tumours	750	CC BY-SA 4.0	http://medicaldecathlon.com/	https://doi.org/10.1038/s41467-022-30695-9 https://arxiv.org/abs/1902.09063	Included in training set	@article{antonelli2022medical,   title={The medical segmentation decathlon},   author={Antonelli, Michela and Reinke, Annika and Bakas, Spyridon and Farahani, Keyvan and Kopp-Schneider, Annette and Landman, Bennett A and Litjens, Geert and Menze, Bjoern and Ronneberger, Olaf and Summers, Ronald M and others},   journal={Nature Communications},   volume={13},   number={1},   pages={4128},   year={2022} } @article{simpson2019large,   title={A large annotated medical image dataset for the development and evaluation of segmentation algorithms},   author={Simpson, Amber L and Antonelli, Michela and Bakas, Spyridon and Bilello, Michel and Farahani, Keyvan and Van Ginneken, Bram and Kopp-Schneider, Annette and Landman, Bennett A and Litjens, Geert and Menze, Bjoern and others},   journal={arXiv preprint arXiv:1902.09063},   year={2019} }
2022	MSD	Head	MR	Hippocampus	394	CC BY-SA 4.0	http://medicaldecathlon.com/	https://doi.org/10.1038/s41467-022-30695-9 https://arxiv.org/abs/1902.09063	Included in training set	@article{antonelli2022medical,   title={The medical segmentation decathlon},   author={Antonelli, Michela and Reinke, Annika and Bakas, Spyridon and Farahani, Keyvan and Kopp-Schneider, Annette and Landman, Bennett A and Litjens, Geert and Menze, Bjoern and Ronneberger, Olaf and Summers, Ronald M and others},   journal={Nature Communications},   volume={13},   number={1},   pages={4128},   year={2022} } @article{simpson2019large,   title={A large annotated medical image dataset for the development and evaluation of segmentation algorithms},   author={Simpson, Amber L and Antonelli, Michela and Bakas, Spyridon and Bilello, Michel and Farahani, Keyvan and Van Ginneken, Bram and Kopp-Schneider, Annette and Landman, Bennett A and Litjens, Geert and Menze, Bjoern and others},   journal={arXiv preprint arXiv:1902.09063},   year={2019} }
2022	MSD	Lung	CT	Lung and tumours	96	CC BY-SA 4.0	http://medicaldecathlon.com/	https://doi.org/10.1038/s41467-022-30695-9 https://arxiv.org/abs/1902.09063	Included in training set	@article{antonelli2022medical,   title={The medical segmentation decathlon},   author={Antonelli, Michela and Reinke, Annika and Bakas, Spyridon and Farahani, Keyvan and Kopp-Schneider, Annette and Landman, Bennett A and Litjens, Geert and Menze, Bjoern and Ronneberger, Olaf and Summers, Ronald M and others},   journal={Nature Communications},   volume={13},   number={1},   pages={4128},   year={2022} } @article{simpson2019large,   title={A large annotated medical image dataset for the development and evaluation of segmentation algorithms},   author={Simpson, Amber L and Antonelli, Michela and Bakas, Spyridon and Bilello, Michel and Farahani, Keyvan and Van Ginneken, Bram and Kopp-Schneider, Annette and Landman, Bennett A and Litjens, Geert and Menze, Bjoern and others},   journal={arXiv preprint arXiv:1902.09063},   year={2019} }
2022	MSD	Pelvis	MR	Prostate	48	CC BY	http://medicaldecathlon.com/#tasks	https://www.nature.com/articles/s41467-022-30695-9 https://arxiv.org/abs/1902.09063	Included in training set	@article{antonelli2022medical,   title={The medical segmentation decathlon},   author={Antonelli, Michela and Reinke, Annika and Bakas, Spyridon and Farahani, Keyvan and Kopp-Schneider, Annette and Landman, Bennett A and Litjens, Geert and Menze, Bjoern and Ronneberger, Olaf and Summers, Ronald M and others},   journal={Nature communications},   volume={13},   number={1},   pages={4128},   year={2022} } @article{simpson2019large,   title={A large annotated medical image dataset for the development and evaluation of segmentation algorithms},   author={Simpson, Amber L and Antonelli, Michela and Bakas, Spyridon and Bilello, Michel and Farahani, Keyvan and Van Ginneken, Bram and Kopp-Schneider, Annette and Landman, Bennett A and Litjens, Geert and Menze, Bjoern and others},   journal={arXiv preprint arXiv:1902.09063},   year={2019} }
2022	MSD	Chest	MR	Left Atrium	30	CC BY	http://medicaldecathlon.com/#tasks	https://www.nature.com/articles/s41467-022-30695-9 https://arxiv.org/abs/1902.09063	Included in training set	@article{antonelli2022medical,   title={The medical segmentation decathlon},   author={Antonelli, Michela and Reinke, Annika and Bakas, Spyridon and Farahani, Keyvan and Kopp-Schneider, Annette and Landman, Bennett A and Litjens, Geert and Menze, Bjoern and Ronneberger, Olaf and Summers, Ronald M and others},   journal={Nature communications},   volume={13},   number={1},   pages={4128},   year={2022} } @article{simpson2019large,   title={A large annotated medical image dataset for the development and evaluation of segmentation algorithms},   author={Simpson, Amber L and Antonelli, Michela and Bakas, Spyridon and Bilello, Michel and Farahani, Keyvan and Van Ginneken, Bram and Kopp-Schneider, Annette and Landman, Bennett A and Litjens, Geert and Menze, Bjoern and others},   journal={arXiv preprint arXiv:1902.09063},   year={2019} }
2022	MSD	Abdomen	CT	Liver and tumour	420	CC BY	http://medicaldecathlon.com/#tasks	https://www.nature.com/articles/s41467-022-30695-9 https://arxiv.org/abs/1902.09063	Included in training set	@article{antonelli2022medical,   title={The medical segmentation decathlon},   author={Antonelli, Michela and Reinke, Annika and Bakas, Spyridon and Farahani, Keyvan and Kopp-Schneider, Annette and Landman, Bennett A and Litjens, Geert and Menze, Bjoern and Ronneberger, Olaf and Summers, Ronald M and others},   journal={Nature communications},   volume={13},   number={1},   pages={4128},   year={2022} } @article{simpson2019large,   title={A large annotated medical image dataset for the development and evaluation of segmentation algorithms},   author={Simpson, Amber L and Antonelli, Michela and Bakas, Spyridon and Bilello, Michel and Farahani, Keyvan and Van Ginneken, Bram and Kopp-Schneider, Annette and Landman, Bennett A and Litjens, Geert and Menze, Bjoern and others},   journal={arXiv preprint arXiv:1902.09063},   year={2019} }
2022	MSD	Abdomen	CT	Colon Cancer Primaries	190	CC BY	http://medicaldecathlon.com/#tasks	https://www.nature.com/articles/s41467-022-30695-9 https://arxiv.org/abs/1902.09063	Included in training set	@article{antonelli2022medical,   title={The medical segmentation decathlon},   author={Antonelli, Michela and Reinke, Annika and Bakas, Spyridon and Farahani, Keyvan and Kopp-Schneider, Annette and Landman, Bennett A and Litjens, Geert and Menze, Bjoern and Ronneberger, Olaf and Summers, Ronald M and others},   journal={Nature communications},   volume={13},   number={1},   pages={4128},   year={2022} } @article{simpson2019large,   title={A large annotated medical image dataset for the development and evaluation of segmentation algorithms},   author={Simpson, Amber L and Antonelli, Michela and Bakas, Spyridon and Bilello, Michel and Farahani, Keyvan and Van Ginneken, Bram and Kopp-Schneider, Annette and Landman, Bennett A and Litjens, Geert and Menze, Bjoern and others},   journal={arXiv preprint arXiv:1902.09063},   year={2019} }
2022	MSD	Vessel	CT	Hepatic vessels and tumour	443	CC BY	http://medicaldecathlon.com/#tasks	https://www.nature.com/articles/s41467-022-30695-9 https://arxiv.org/abs/1902.09063	Included in training set	@article{antonelli2022medical,   title={The medical segmentation decathlon},   author={Antonelli, Michela and Reinke, Annika and Bakas, Spyridon and Farahani, Keyvan and Kopp-Schneider, Annette and Landman, Bennett A and Litjens, Geert and Menze, Bjoern and Ronneberger, Olaf and Summers, Ronald M and others},   journal={Nature communications},   volume={13},   number={1},   pages={4128},   year={2022} } @article{simpson2019large,   title={A large annotated medical image dataset for the development and evaluation of segmentation algorithms},   author={Simpson, Amber L and Antonelli, Michela and Bakas, Spyridon and Bilello, Michel and Farahani, Keyvan and Van Ginneken, Bram and Kopp-Schneider, Annette and Landman, Bennett A and Litjens, Geert and Menze, Bjoern and others},   journal={arXiv preprint arXiv:1902.09063},   year={2019} }
2022	MSD	Abdomen	CT	Spleen	61	CC BY	http://medicaldecathlon.com/#tasks	https://www.nature.com/articles/s41467-022-30695-9 https://arxiv.org/abs/1902.09063	Included in training set	@article{antonelli2022medical,   title={The medical segmentation decathlon},   author={Antonelli, Michela and Reinke, Annika and Bakas, Spyridon and Farahani, Keyvan and Kopp-Schneider, Annette and Landman, Bennett A and Litjens, Geert and Menze, Bjoern and Ronneberger, Olaf and Summers, Ronald M and others},   journal={Nature communications},   volume={13},   number={1},   pages={4128},   year={2022} } @article{simpson2019large,   title={A large annotated medical image dataset for the development and evaluation of segmentation algorithms},   author={Simpson, Amber L and Antonelli, Michela and Bakas, Spyridon and Bilello, Michel and Farahani, Keyvan and Van Ginneken, Bram and Kopp-Schneider, Annette and Landman, Bennett A and Litjens, Geert and Menze, Bjoern and others},   journal={arXiv preprint arXiv:1902.09063},   year={2019} }
2020	VERSE20	Spine	CT	Vertebrae	2568	CC BY-SA 4.0	anjany/verse: Everything about the 'Large Scale Vertebrae Segmentation Challenge' @ MICCAI 2019-2020 (github.com)	https://doi.org/10.1016/j.media.2021.102166 https://doi.org/10.1148/ryai.2020190138 https://arxiv.org/pdf/2103.06360.pdf		@article{sekuboyina2021verse,   title={VerSe: a vertebrae labelling and segmentation benchmark for multi-detector CT images},   author={Sekuboyina, Anjany and Husseini, Malek E and Bayat, Amirhossein and L{\"o}ffler, Maximilian and Liebl, Hans and Li, Hongwei and Tetteh, Giles and Kuka{\v{c}}ka, Jan and Payer, Christian and {\v{S}}tern, Darko and others},   journal={Medical image analysis},   volume={73},   pages={102166},   year={2021} } @article{loffler2020vertebral,   title={A vertebral segmentation dataset with fracture grading},   author={L{\"o}ffler, Maximilian T and Sekuboyina, Anjany and Jacob, Alina and Grau, Anna-Lena and Scharr, Andreas and El Husseini, Malek and Kallweit, Mareike and Zimmer, Claus and Baum, Thomas and Kirschke, Jan S},   journal={Radiology: Artificial Intelligence},   volume={2},   number={4},   pages={e190138},   year={2020} } @article{liebl2021computed,   title={A computed tomography vertebral segmentation dataset with anatomical variations and multi-vendor scanner data},   author={Liebl, Hans and Schinz, David and Sekuboyina, Anjany and Malagutti, Luca and L{\"o}ffler, Maximilian T and Bayat, Amirhossein and El Husseini, Malek and Tetteh, Giles and Grau, Katharina and Niederreiter, Eva and others},   journal={Scientific data},   volume={8},   number={1},   pages={284},   year={2021} }
2020	CT-ORG	Chest, Abdomen, Pelvis	CT	lung, liver, kidneys, bladder	140	CC BY	https://www.nature.com/articles/s41597-020-00715-8	https://doi.org/10.1038/s41597-020-00715-8	Included in training set	@article{rister2020ct,   title={CT-ORG, a new dataset for multiple organ segmentation in computed tomography},   author={Rister, Blaine and Yi, Darvin and Shivakumar, Kaushik and Nobashi, Tomomi and Rubin, Daniel L},   journal={Scientific Data},   volume={7},   number={1},   pages={381},   year={2020} }
2022	FDG-PET-CT-Lesions	Head, Neck, Chest, Abdomen, Pelvis	CT	tumor	900	CC-BY-NC	https://www.cancerimagingarchive.net/collection/fdg-pet-ct-lesions/	https://www.nature.com/articles/s41597-022-01718-3	Included in training set	@article{gatidis2022whole,   title={A whole-body FDG-PET/CT Dataset with manually annotated Tumor Lesions},   author={Gatidis, Sergios and Hepp, Tobias and Fr{\"u}h, Marcel and La Foug{\`e}re, Christian and Nikolaou, Konstantin and Pfannenberg, Christina and Sch{\"o}lkopf, Bernhard and K{\"u}stner, Thomas and Cyran, Clemens and Rubin, Daniel},   journal={Scientific Data},   volume={9},   number={1},   pages={601},   year={2022} } 
2023	TotalSegmentator	Head, Neck, Chest, Abdomen, Pelvis, Vessel	CT	Whole body organs	1228	CC BY 4.0	https://zenodo.org/records/10047292	https://pubs.rsna.org/doi/10.1148/ryai.230024	Included in training set	@article{wasserthal2023totalsegmentator,   title={TotalSegmentator: robust segmentation of 104 anatomic structures in CT images},   author={Wasserthal, Jakob and Breit, Hanns-Christian and Meyer, Manfred T and Pradella, Maurice and Hinck, Daniel and Sauter, Alexander W and Heye, Tobias and Boll, Daniel T and Cyriac, Joshy and Yang, Shan and others},   journal={Radiology: Artificial Intelligence},   volume={5},   number={5},   year={2023},   publisher={Radiological Society of North America} }
2022	Wsss4luad	Chest	Pathology	Lung adenocarcinoma	63	CC BY 4.0	License - Grand Challenge (grand-challenge.org)	https://www.sciencedirect.com/science/article/pii/S1361841522001347 https://arxiv.org/abs/2204.06455	Authors are very responsive for data request	@article{han2022multi,   title={Multi-layer pseudo-supervision for histopathology tissue semantic segmentation using patch-level classification labels},   author={Han, Chu and Lin, Jiatai and Mai, Jinhai and Wang, Yi and Zhang, Qingling and Zhao, Bingchao and Chen, Xin and Pan, Xipeng and Shi, Zhenwei and Xu, Zeyan and others},   journal={Medical Image Analysis},   volume={80},   pages={102487},   year={2022} } @article{han2022wsss4luad,   title={Wsss4luad: Grand challenge on weakly-supervised tissue semantic segmentation for lung adenocarcinoma},   author={Han, Chu and Pan, Xipeng and Yan, Lixu and Lin, Huan and Li, Bingbing and Yao, Su and Lv, Shanshan and Shi, Zhenwei and Mai, Jinhai and Lin, Jiatai and others},   journal={arXiv preprint arXiv:2204.06455},   year={2022} }
2023	USL	Chest, Abdomen	CT	lesion	38824	Unknown	https://github.com/MJJdG/ULS23/tree/main	https://arxiv.org/abs/2406.05231v2		@article{de2024uls23,   title={The ULS23 Challenge: a Baseline Model and Benchmark Dataset for 3D Universal Lesion Segmentation in Computed Tomography},   author={de Grauw, MJJ and Scholten, E Th and Smit, EJ and Rutten, MJCM and Prokop, M and van Ginneken, B and Hering, A},   journal={arXiv preprint arXiv:2406.05231},   year={2024} }
2022	Automated Gleason Grading Challenge 2022	Pelvis	Pathology	Prostate cancer	Unknown	CC BY-SA 4.0	 https://aggc22.grand-challenge.org/AGGC22/	https://www.nature.com/articles/s43856-024-00502-1		@article{huo2024comprehensive,   title={A comprehensive AI model development framework for consistent Gleason grading},   author={Huo, Xinmi and Ong, Kok Haur and Lau, Kah Weng and Gole, Laurent and Young, David M and Tan, Char Loo and Zhu, Xiaohui and Zhang, Chongchong and Zhang, Yonghui and Li, Longjie and others},   journal={Communications Medicine},   volume={4},   number={1},   pages={84},   year={2024} }